ID,name,location,createdAt,createdBy,modifiedAt,modifiedBy
23311254-16c0-40f8-91ef-f9ffe3d74514,name-23311254,location-23311254,2013-08-15T00:00:00.000Z,createdBy.dvn2u@example.net,2022-10-18T00:00:00.000Z,modifiedBy.dvn2u@example.com
23311255-014f-4627-ba15-2265fcd92d48,name-23311255,location-23311255,2016-08-22T00:00:00.000Z,createdBy.dvn2v@example.net,2013-12-26T00:00:00.000Z,modifiedBy.dvn2v@example.org
23311256-5228-4079-9385-7f260d57f8fb,name-23311256,location-23311256,2002-10-02T00:00:00.000Z,createdBy.dvn2w@example.org,2018-09-22T00:00:00.000Z,modifiedBy.dvn2w@example.org
23311257-6818-4d0f-a4ba-5e136c8e672a,name-23311257,location-23311257,2008-09-15T00:00:00.000Z,createdBy.dvn2x@example.net,2011-11-10T00:00:00.000Z,modifiedBy.dvn2x@example.net
23311258-f9df-41ad-8037-91ec5017dcf0,name-23311258,location-23311258,2006-07-15T00:00:00.000Z,createdBy.dvn2y@example.net,2022-08-04T00:00:00.000Z,modifiedBy.dvn2y@example.com
23311259-024b-4a48-9090-7f2737b4d392,name-23311259,location-23311259,2007-07-09T00:00:00.000Z,createdBy.dvn2z@example.net,2015-10-11T00:00:00.000Z,modifiedBy.dvn2z@example.com
23311260-5d25-403c-b278-67d324584fe4,name-23311260,location-23311260,2010-07-25T00:00:00.000Z,createdBy.dvn30@example.org,2013-02-12T00:00:00.000Z,modifiedBy.dvn30@example.net
23311261-34fb-4960-a257-e8fc7bf1135c,name-23311261,location-23311261,2013-07-05T00:00:00.000Z,createdBy.dvn31@example.org,2001-01-21T00:00:00.000Z,modifiedBy.dvn31@example.net
23311262-1e6a-464e-a89c-f48ffb2094de,name-23311262,location-23311262,2011-11-12T00:00:00.000Z,createdBy.dvn32@example.net,2019-09-11T00:00:00.000Z,modifiedBy.dvn32@example.net
23311263-876f-4961-9ba2-a7a09ebeeaff,name-23311263,location-23311263,2023-05-21T00:00:00.000Z,createdBy.dvn33@example.org,2021-11-21T00:00:00.000Z,modifiedBy.dvn33@example.org