ID,name,email,createdAt,createdBy,modifiedAt,modifiedBy
41571133-ac03-44a9-a256-00d99396623a,name-4157113,email-4157113,2010-10-29T00:00:00.000Z,createdBy.2h3nd@example.com,2010-06-19T00:00:00.000Z,modifiedBy.2h3nd@example.net
26204541-db4b-4c08-b25d-c3a61b4a43ab,name-26204541,email-26204541,2006-11-26T00:00:00.000Z,createdBy.flnjx@example.org,2006-10-23T00:00:00.000Z,modifiedBy.flnjx@example.com
26204542-a926-4f8d-8981-4c615d764699,name-26204542,email-26204542,2022-10-21T00:00:00.000Z,createdBy.flnjy@example.com,2019-11-28T00:00:00.000Z,modifiedBy.flnjy@example.net
26204543-6578-4e95-9baa-29f493d79a96,name-26204543,email-26204543,2001-05-28T00:00:00.000Z,createdBy.flnjz@example.net,2023-04-27T00:00:00.000Z,modifiedBy.flnjz@example.net
26204544-7310-4cbc-b7b6-9c455cb42415,name-26204544,email-26204544,2016-04-19T00:00:00.000Z,createdBy.flnk0@example.com,2016-09-27T00:00:00.000Z,modifiedBy.flnk0@example.org
26204545-313e-456f-a7d5-6f61e6e49769,name-26204545,email-26204545,2002-07-30T00:00:00.000Z,createdBy.flnk1@example.net,2020-06-07T00:00:00.000Z,modifiedBy.flnk1@example.net
26204546-4d24-41a5-84a9-690d70bdd617,name-26204546,email-26204546,2007-04-11T00:00:00.000Z,createdBy.flnk2@example.com,2008-02-21T00:00:00.000Z,modifiedBy.flnk2@example.org
26204547-ab5c-45f3-b95b-926ff1c5af86,name-26204547,email-26204547,2006-01-10T00:00:00.000Z,createdBy.flnk3@example.net,2003-05-16T00:00:00.000Z,modifiedBy.flnk3@example.net
26204548-6608-4729-90f6-706afb93baa6,name-26204548,email-26204548,2019-04-29T00:00:00.000Z,createdBy.flnk4@example.org,2009-11-29T00:00:00.000Z,modifiedBy.flnk4@example.org
26204549-1648-467b-9791-b0c71c1b690f,name-26204549,email-26204549,2009-09-07T00:00:00.000Z,createdBy.flnk5@example.org,2003-09-13T00:00:00.000Z,modifiedBy.flnk5@example.net