ID,name,createdAt,createdBy,modifiedAt,modifiedBy
10963867-2e91-4b70-97a0-898d68809a5b,name-10963867,2015-06-01T00:00:00.000Z,createdBy.6izrv@example.com,2007-01-29T00:00:00.000Z,modifiedBy.6izrv@example.org
31472560-f546-4b35-b8d3-e58046725456,name-31472560,2020-05-16T00:00:00.000Z,createdBy.iqkds@example.net,2016-10-18T00:00:00.000Z,modifiedBy.iqkds@example.org
31472561-b035-4924-803b-bafd3556f263,name-31472561,2006-10-05T00:00:00.000Z,createdBy.iqkdt@example.com,2009-02-27T00:00:00.000Z,modifiedBy.iqkdt@example.org
31472562-a8cd-4d75-a79f-111cfbe3a3a2,name-31472562,2006-06-16T00:00:00.000Z,createdBy.iqkdu@example.net,2006-07-27T00:00:00.000Z,modifiedBy.iqkdu@example.net
31472563-e23e-49ce-bfa7-33512527fd82,name-31472563,2019-09-01T00:00:00.000Z,createdBy.iqkdv@example.com,2016-01-15T00:00:00.000Z,modifiedBy.iqkdv@example.net
31472564-db3c-4875-822b-e737353099be,name-31472564,2015-07-29T00:00:00.000Z,createdBy.iqkdw@example.com,2014-01-16T00:00:00.000Z,modifiedBy.iqkdw@example.net
31472565-f97d-40fb-b787-37724e7d195d,name-31472565,2020-08-15T00:00:00.000Z,createdBy.iqkdx@example.net,2008-10-23T00:00:00.000Z,modifiedBy.iqkdx@example.net
31472566-32b3-4681-8e75-68884f49a85d,name-31472566,2006-10-01T00:00:00.000Z,createdBy.iqkdy@example.org,2017-01-13T00:00:00.000Z,modifiedBy.iqkdy@example.net
31472567-628d-4653-a1ce-6d43471573da,name-31472567,2007-08-21T00:00:00.000Z,createdBy.iqkdz@example.org,2013-12-28T00:00:00.000Z,modifiedBy.iqkdz@example.com
31472568-a448-4cae-b0cc-60076f7ecf85,name-31472568,2003-06-06T00:00:00.000Z,createdBy.iqke0@example.org,2003-08-27T00:00:00.000Z,modifiedBy.iqke0@example.com